employee_type,employment_level,education_level,last_year_earnings,overtime_earnings,bonus,base_pay,num_projects,years_since_promotion,num_employees,num_publications,num_patents,num_external_collaborations,contractual_work_hours,actual_work_hours,hourly_earnings,productivity
manager,MID,DOCTORAL,120703.72422334294,5643.884939019934,13569.36597231045,174524.75700273077,4.0,3.0,13.0,,,,,,,5.49513971457086
manager,EXECUTIVE,SOME_COLLEGE,125229.85631065136,1133.5903699999112,9645.17101104344,127558.80449906483,6.0,12.0,8.0,,,,,,,2.952137110711619
individual_contributor,MID,PROFESSIONAL,151315.77474829546,5756.764520664523,4096.39522260174,151336.24727196989,4.0,10.0,,0.0,0.0,0.0,,,,2.9624932146594567
hourly,ENTRY,SOME_COLLEGE,155040.48972225626,6068.842510061655,8021.154214616927,,,,,,,,19.200807099167076,25.95387420410527,18.298799223625693,5.070132732690303
hourly,MID,DOCTORAL,139550.9647552177,6398.0292067498885,3260.2490333946766,,,,,,,,9.08743547866532,20.439145188478335,15.888910982379917,9.599283927279739
individual_contributor,SENIOR,BACHELORS,82918.43884888965,3145.554672604858,18302.514587308295,121996.36702485922,1.0,8.0,,0.0,3.0,2.0,,,,1.3176651785561295
hourly,ENTRY,ASSOCIATES,143231.18966106264,10964.225550702193,10099.838838865677,,,,,,,,15.124772330855503,16.382024076659693,13.01051339254796,7.150404768335863
hourly,EXECUTIVE,SOME_COLLEGE,97326.68660745196,0.0,4990.045039708773,,,,,,,,10.46385428020345,27.753158429498804,5.0,14.607137077671961
individual_contributor,ENTRY,BACHELORS,122886.85670677465,0.0,8692.45480546686,144514.78597391123,2.0,0.0,,0.0,2.0,6.0,,,,0.45770105175041054
manager,ENTRY,DOCTORAL,100629.86133649503,2451.1929722634923,1357.7606360380232,134713.9306961407,5.0,13.0,9.0,,,,,,,3.3317408873589454
manager,INTERMEDIATE,MASTERS,101047.65970458962,3931.3410268533194,224.83021639273375,92394.56533393465,2.0,4.0,7.0,,,,,,,1.708320167973459
manager,SENIOR,ASSOCIATES,70348.42493457218,10850.294400543251,8404.202567655173,187799.1321651462,0.0,9.0,10.0,,,,,,,2.885710619137714
manager,SENIOR,DOCTORAL,164537.71751511563,0.0,4462.238705842134,136297.17902023988,0.0,1.0,11.0,,,,,,,4.378443745817077
benefits_eligible,INTERMEDIATE,MASTERS,200810.69352318568,3301.593439783453,2090.574863237569,,,,,,,,16.345470194656148,11.477804399504297,,4.130903925487143
individual_contributor,MID,HIGH_SCHOOL_DIPLOMA,94146.9748580349,7778.671206466886,7837.209022328776,126938.09003086234,2.0,0.0,,2.0,1.0,5.0,,,,1.9752459663200377
manager,MID,SOME_COLLEGE,106462.63793123902,2180.9458011543607,14889.524968173546,200549.36836373503,1.0,3.0,7.0,,,,,,,1.7796993557159775
manager,SENIOR,DOCTORAL,126911.53868108928,2118.5936756761967,11079.542394683576,147660.6427620965,2.0,1.0,12.0,,,,,,,4.0526989534935876
benefits_eligible,ENTRY,PROFESSIONAL,120219.36161881879,5948.679270672159,2036.0792464432034,,,,,,,,22.657312228815485,18.647436210968856,,3.157080264580398
manager,EXECUTIVE,PROFESSIONAL,167473.07992007863,6516.032900197286,6165.683699943017,138477.469198838,6.0,13.0,4.0,,,,,,,3.3962065065346687
individual_contributor,INTERMEDIATE,HIGH_SCHOOL_DIPLOMA,159893.36262923377,0.0,17012.338443047996,124990.09273656164,6.0,5.0,,8.0,1.0,1.0,,,,4.418861799404453
benefits_eligible,MID,SOME_COLLEGE,122798.89210093033,5020.133432509313,6841.293182296209,,,,,,,,17.17404353508024,18.751967306199127,,5.484272611039561
benefits_eligible,EXECUTIVE,PROFESSIONAL,175926.7236528852,10379.644410851306,9808.433193923887,,,,,,,,22.474418502396016,7.597943320142711,,2.524375311180028
individual_contributor,EXECUTIVE,HIGH_SCHOOL_DIPLOMA,121277.93041841466,8029.774598428916,3186.453458330315,108679.7714285755,1.0,2.0,,3.0,1.0,4.0,,,,2.469664978673705
individual_contributor,MID,DOCTORAL,148909.57813348327,0.0,10053.924205996225,133774.3473772018,2.0,2.0,,3.0,8.0,3.0,,,,2.559278741061913
hourly,ENTRY,ASSOCIATES,147886.2385264049,2017.8562972193129,12187.852470099733,,,,,,,,32.679210003630516,18.04163176337819,10.09648812711938,5.260535697059382
manager,EXECUTIVE,PROFESSIONAL,115330.35202842743,2648.407922632483,14026.1565554128,157429.57363259982,2.0,13.0,17.0,,,,,,,2.974758568842834
individual_contributor,EXECUTIVE,ASSOCIATES,128975.38388533314,6665.495671420699,3253.514795343054,75733.8766282277,0.0,4.0,,4.0,2.0,1.0,,,,2.1959315961668078
manager,INTERMEDIATE,PROFESSIONAL,134872.15297421106,2477.0991783708805,4042.763987885347,137558.52466491933,0.0,6.0,7.0,,,,,,,1.5531864371281614
individual_contributor,MID,HIGH_SCHOOL_DIPLOMA,100328.66797009768,3158.357736926041,9988.388846451251,148489.99923487927,4.0,15.0,,4.0,1.0,2.0,,,,2.834239328253905
benefits_eligible,INTERMEDIATE,DOCTORAL,38433.94627861539,5969.598840372802,5347.194880676283,,,,,,,,27.49796017519402,35.294829883977755,,6.217541257783363
individual_contributor,SENIOR,PROFESSIONAL,156985.17542507034,5931.912610872615,0.0,138804.0435238186,1.0,0.0,,7.0,5.0,2.0,,,,3.748403739849608
benefits_eligible,INTERMEDIATE,ASSOCIATES,129948.13559382192,8343.23040363859,3753.946170713476,,,,,,,,23.850459828156282,35.6161394335684,,7.034434874059754
hourly,SENIOR,MASTERS,86978.23225596361,0.0,6422.622873974264,,,,,,,,21.65200677714081,27.57227771216537,14.741196724675032,5.7357081115951605
manager,SENIOR,MASTERS,64396.600542944594,1018.2161670705827,14245.12153724017,47111.750437292256,5.0,13.0,4.0,,,,,,,3.596759887449868
hourly,SENIOR,DOCTORAL,211173.19310820557,4072.667413216708,0.0,,,,,,,,16.948371747677747,21.246515830835566,9.069345929083195,9.000754087611499
hourly,ENTRY,ASSOCIATES,131477.85236567538,3521.0617591069295,2850.3494265821782,,,,,,,,17.016812874438994,31.5434370804537,13.891871735744655,9.930830343640933
individual_contributor,SENIOR,BACHELORS,81914.888835984,0.0,3835.3243067907215,113150.28511671121,3.0,3.0,,5.0,0.0,5.0,,,,4.820260605939888
benefits_eligible,INTERMEDIATE,DOCTORAL,98086.40702575611,0.0,6376.7647699735335,,,,,,,,32.64214131603305,15.92477724156198,,3.138665734984834
hourly,INTERMEDIATE,PROFESSIONAL,92533.19633007627,3002.132710737667,3844.767362626622,,,,,,,,20.559019877231698,24.11126522390765,18.220727489785684,5.90952363028879
manager,EXECUTIVE,BACHELORS,141125.86183406753,8352.428634690259,3262.725832740959,140924.63140299902,1.0,1.0,0.0,,,,,,,2.6011384161036646
benefits_eligible,EXECUTIVE,SOME_COLLEGE,55986.01851280356,264.2429709687717,8410.234793692203,,,,,,,,23.53447422502748,17.478861047503372,,4.260155769309795
hourly,EXECUTIVE,MASTERS,153230.79670465412,0.0,11839.323049059252,,,,,,,,15.558877808471184,23.962704073842133,22.22976529311284,6.973077734409264
individual_contributor,EXECUTIVE,ASSOCIATES,90557.6162258638,4214.376818459385,0.0,147498.1937679148,2.0,10.0,,2.0,3.0,1.0,,,,1.2410715194671107
individual_contributor,SENIOR,BACHELORS,181127.25131059115,2365.003628190312,11892.370872923173,182460.73644007236,4.0,7.0,,1.0,4.0,0.0,,,,2.8141483746947267
benefits_eligible,MID,HIGH_SCHOOL_DIPLOMA,108040.4674415933,6844.713289323339,14384.469297718357,,,,,,,,10.429190808937955,4.178516885387964,,2.824313178029988
individual_contributor,MID,SOME_COLLEGE,111069.89622354759,4285.662759406115,3116.3354132475984,168770.84795301678,2.0,6.0,,11.0,0.0,0.0,,,,2.2387195790383205
manager,SENIOR,DOCTORAL,101453.85250861755,6197.005821243147,11190.339403592898,172479.50233467377,3.0,11.0,4.0,,,,,,,2.7264307463826847
benefits_eligible,SENIOR,PROFESSIONAL,119763.9904497962,5240.117008892497,13179.903881569762,,,,,,,,21.21021821917674,29.281398211815496,,6.507890081336849
manager,ENTRY,HIGH_SCHOOL_DIPLOMA,145348.31242077035,3377.1559429051067,9851.574450076581,142570.10004410194,2.0,13.0,10.0,,,,,,,2.178307594711671
hourly,EXECUTIVE,SOME_COLLEGE,105575.95301512063,108.19494070769906,1820.3348897513624,,,,,,,,31.129260979506213,34.19232393638594,20.799759667993506,5.448298808449786
manager,SENIOR,MASTERS,69518.92620056056,6874.249941042429,13802.202807428925,164637.9950970932,3.0,1.0,19.0,,,,,,,5.049718969313789
manager,ENTRY,PROFESSIONAL,177575.47114378292,2180.4280214200353,11332.099326014908,111438.75743674934,4.0,8.0,16.0,,,,,,,4.105914701113571
benefits_eligible,MID,BACHELORS,70516.56601450162,0.0,5582.8907322026735,,,,,,,,11.750854397597076,17.362791730894777,,6.479856861184654
hourly,EXECUTIVE,PROFESSIONAL,126897.8284925473,685.3492748760655,10069.00502549067,,,,,,,,10.471760024484183,18.706133941034345,22.0467393979641,8.12067823079768
benefits_eligible,SENIOR,PROFESSIONAL,107082.19348450952,0.0,3844.113563916345,,,,,,,,15.174141154973658,29.998798869476634,,8.636025071484994
hourly,MID,ASSOCIATES,161210.1095687452,7405.52147871022,1691.4378772401733,,,,,,,,19.812236372068742,23.4090817760445,20.404550535966173,5.751378223693678
benefits_eligible,INTERMEDIATE,MASTERS,98987.20961317347,0.0,0.0,,,,,,,,20.81832194979108,25.902530107990707,,6.062206687072001
individual_contributor,EXECUTIVE,DOCTORAL,85457.75257183591,6793.032759680149,0.0,214168.64012764528,1.0,3.0,,3.0,4.0,3.0,,,,1.8702650815749624
manager,INTERMEDIATE,PROFESSIONAL,137988.65239427093,5764.773714866271,14644.271053646215,132258.35360491823,5.0,4.0,0.0,,,,,,,2.9028112266999315
individual_contributor,MID,SOME_COLLEGE,122896.5545633963,4457.488211058159,3087.7778142948346,124886.86415913695,0.0,14.0,,8.0,0.0,4.0,,,,2.579995627581975
hourly,SENIOR,BACHELORS,124652.12540800631,0.0,17923.747857482304,,,,,,,,19.752198098308938,41.88977813245246,19.66292208964454,9.283061867897732
benefits_eligible,ENTRY,MASTERS,162283.33067107492,8465.966817689576,9002.970093200027,,,,,,,,18.939213064105186,20.145258766897125,,4.127299275407993
benefits_eligible,EXECUTIVE,MASTERS,127401.56400963457,7605.553971557834,1852.3676430615478,,,,,,,,22.646704126770615,39.37594924492728,,7.482636023758987
hourly,ENTRY,MASTERS,69308.24117070495,869.6320761666166,10229.301687607427,,,,,,,,18.234251585773578,25.563323747040734,26.555349068936422,5.238283599889748
manager,SENIOR,HIGH_SCHOOL_DIPLOMA,140621.8407425294,166.1595964395433,9053.815686634316,133489.3958545203,4.0,0.0,7.0,,,,,,,4.244407446895637
manager,MID,SOME_COLLEGE,133191.75990724165,0.0,832.4523619371075,70839.48850458537,4.0,6.0,12.0,,,,,,,5.850077777303682
individual_contributor,INTERMEDIATE,HIGH_SCHOOL_DIPLOMA,145311.39465679522,5067.555196989571,516.7071475657995,160413.82639195246,0.0,6.0,,7.0,4.0,0.0,,,,2.46490705946301
benefits_eligible,EXECUTIVE,HIGH_SCHOOL_DIPLOMA,161218.89430037004,4790.859255869871,5333.870068214741,,,,,,,,25.457066762125955,41.470244928075616,,7.635567232893811
manager,MID,PROFESSIONAL,59756.53908809843,1653.0607898463313,9739.736678169926,177751.02322491395,4.0,6.0,8.0,,,,,,,2.2531526573366873
benefits_eligible,MID,BACHELORS,90998.6632815394,1785.719316626159,9396.131249674803,,,,,,,,23.75057050319484,23.617709920027558,,4.930193888927813
benefits_eligible,SENIOR,HIGH_SCHOOL_DIPLOMA,144661.0849835781,5946.8093534849795,9004.075941466841,,,,,,,,30.274269882416597,31.455333869550977,,5.429411791388923
manager,EXECUTIVE,PROFESSIONAL,63958.64843424548,3026.8925904260454,7395.018981194585,91464.28749588747,2.0,4.0,2.0,,,,,,,1.119624456064063
individual_contributor,INTERMEDIATE,MASTERS,158590.45419378558,2585.9985116689586,6187.253763734934,115534.8905455793,1.0,1.0,,6.0,1.0,4.0,,,,4.00985207987258
manager,INTERMEDIATE,HIGH_SCHOOL_DIPLOMA,114294.56246913694,0.0,7081.043359030141,112069.12761873857,2.0,5.0,14.0,,,,,,,3.4059762100265516
individual_contributor,EXECUTIVE,SOME_COLLEGE,37848.9157776137,3680.6867058978833,9640.386656766259,111807.3891434045,1.0,6.0,,3.0,4.0,2.0,,,,0.895653933095311
benefits_eligible,EXECUTIVE,BACHELORS,44610.92142673212,1315.9582064170313,7441.545731918826,,,,,,,,20.6290153006597,10.299949618388027,,3.5236134540251474
individual_contributor,INTERMEDIATE,BACHELORS,86937.35828885638,5906.6778917293705,2956.6133199689,115895.79948479935,5.0,7.0,,6.0,0.0,4.0,,,,3.7693198337543454
benefits_eligible,EXECUTIVE,SOME_COLLEGE,155083.4353439119,3417.979067997135,14798.464491125178,,,,,,,,29.109211644830133,37.795478142433964,,6.397289649763118
manager,INTERMEDIATE,BACHELORS,182197.23778895935,6370.493236962524,6341.525265617191,188687.16672826716,0.0,7.0,0.0,,,,,,,1.743748412255179
benefits_eligible,SENIOR,DOCTORAL,56597.7953681465,4564.105703834903,6028.385444143782,,,,,,,,30.270840512541703,25.88647904010331,,5.0194573423540945
manager,ENTRY,HIGH_SCHOOL_DIPLOMA,54164.23856082097,0.0,9666.514019454566,148822.77466178805,2.0,14.0,8.0,,,,,,,-0.2960214236463708
individual_contributor,SENIOR,MASTERS,55058.50221653976,1858.4921710097801,7977.209905337728,140662.6343563021,1.0,7.0,,5.0,0.0,1.0,,,,2.1800006032216386
hourly,SENIOR,HIGH_SCHOOL_DIPLOMA,127400.45752884564,7671.935214482026,2624.3031083428195,,,,,,,,24.72079013304665,31.042166751969642,13.487979724450827,9.210849128206355
benefits_eligible,SENIOR,ASSOCIATES,135029.05433512994,2348.200268753365,2697.8954485138265,,,,,,,,26.092123210539548,21.046060904961397,,4.579208697196662
hourly,ENTRY,ASSOCIATES,178051.8536857612,3392.7506763679585,6010.32036263778,,,,,,,,30.21345238186833,15.513834943868208,8.881412364958924,5.095046892839674
benefits_eligible,INTERMEDIATE,PROFESSIONAL,136567.51503771532,1813.025760344873,4096.15972138226,,,,,,,,12.716793412211757,9.459439133400611,,4.0471858444151945
individual_contributor,ENTRY,HIGH_SCHOOL_DIPLOMA,62563.02102055475,2829.42342513951,12025.756589658966,87252.98470295072,1.0,13.0,,2.0,3.0,0.0,,,,-0.032120314115081296
hourly,MID,MASTERS,134932.40585371695,1977.106698707698,9593.044151211803,,,,,,,,11.818000199557043,27.758031475475505,8.678344016197292,13.051279401075323
manager,INTERMEDIATE,PROFESSIONAL,136792.2879209537,7072.624692889261,820.8469019605081,230803.68309296307,2.0,3.0,2.0,,,,,,,2.1908137651190747
manager,ENTRY,MASTERS,62603.13725485083,5256.928152785392,3893.0400577850787,99022.987162251,3.0,1.0,8.0,,,,,,,2.135634977935652
hourly,ENTRY,SOME_COLLEGE,128958.95130012176,1789.8419115064858,2800.3412777594003,,,,,,,,16.496163455804027,8.203345184773283,19.35834288429156,1.8705458533462131
manager,ENTRY,BACHELORS,188468.49369635174,7594.208570178435,10618.426310160125,168972.8924733157,5.0,0.0,7.0,,,,,,,2.4221304262140553
individual_contributor,ENTRY,DOCTORAL,106702.25983676831,6082.467300367119,1019.6934467031497,152543.14798582165,2.0,0.0,,6.0,0.0,5.0,,,,1.9093025940203456
manager,EXECUTIVE,ASSOCIATES,166920.1689217663,1500.1509426138928,10730.20849525234,150442.79838062014,6.0,13.0,6.0,,,,,,,3.2963880631429263
manager,MID,PROFESSIONAL,135043.79864134136,4062.876196366074,9591.989440026746,127875.27867654186,2.0,3.0,11.0,,,,,,,4.356922280913697
individual_contributor,INTERMEDIATE,PROFESSIONAL,132947.71847834974,79.50069511841775,4547.33512738408,215028.86028494075,0.0,13.0,,8.0,1.0,4.0,,,,2.613816965317409
individual_contributor,ENTRY,ASSOCIATES,147753.70855806567,4450.998887347943,8458.111286046318,128093.07470562986,0.0,14.0,,4.0,0.0,1.0,,,,0.34749824245658173
individual_contributor,EXECUTIVE,HIGH_SCHOOL_DIPLOMA,101692.06204700306,8083.153888283463,24767.50686709294,151135.88286825953,2.0,7.0,,3.0,2.0,0.0,,,,1.3794994958331588
individual_contributor,MID,SOME_COLLEGE,99136.7343792463,1173.1365999300274,2328.7969234710918,123079.43902820867,1.0,2.0,,3.0,0.0,1.0,,,,2.163304858125693
manager,EXECUTIVE,DOCTORAL,114928.81636025693,1947.401783944605,3564.0987055320134,147555.77359769386,3.0,8.0,4.0,,,,,,,2.862294130107753
hourly,MID,ASSOCIATES,85653.63394672444,8378.431088908843,4809.750240815532,,,,,,,,16.546469345137773,22.704102878509282,23.484461102897733,6.558436588754089
hourly,ENTRY,MASTERS,76027.77377676826,2008.4152918549091,5774.98728222851,,,,,,,,23.58412535191471,13.034621513546943,25.062444428061426,2.0454783039220104
manager,MID,MASTERS,39488.72901194381,1651.097675750305,12272.750193405167,151873.69584025594,5.0,10.0,13.0,,,,,,,4.0459622872783685
hourly,MID,PROFESSIONAL,55145.30072477747,1556.16349084877,14625.9637295099,,,,,,,,5.0,27.747856629329533,10.4790353006416,24.911813886983417
hourly,MID,SOME_COLLEGE,112791.87157188432,3244.6675256102885,2889.6633661727965,,,,,,,,19.526401761183838,22.935114858575695,23.304332603454263,5.604449090698247
benefits_eligible,ENTRY,SOME_COLLEGE,161236.35720662572,6010.955733973142,3083.4951699795824,,,,,,,,26.173051906443884,24.74889060493942,,3.606978736735193
hourly,ENTRY,MASTERS,137288.15419929946,2832.6562667579406,7044.52027023058,,,,,,,,17.444912799489202,31.429622252329125,21.184005103867502,6.484002857239045
benefits_eligible,EXECUTIVE,SOME_COLLEGE,145122.55692731598,6401.269605980568,10475.836288810442,,,,,,,,17.500744478722076,34.73713632033494,,8.522407881476838
manager,EXECUTIVE,BACHELORS,124977.19442615357,5909.880025962007,8141.0748411283475,196278.98316689875,1.0,10.0,9.0,,,,,,,3.1102548252521207
benefits_eligible,INTERMEDIATE,SOME_COLLEGE,74466.34287637343,7198.555038458336,0.0,,,,,,,,19.975035949424065,21.3376250888182,,5.297954692185337
manager,SENIOR,HIGH_SCHOOL_DIPLOMA,190054.31792451759,1161.322129678878,1199.0326983818713,119065.24263507497,1.0,0.0,6.0,,,,,,,2.6732665643552895
individual_contributor,MID,BACHELORS,178502.15627469018,8922.869356593777,12072.6715517855,131679.22169956428,5.0,4.0,,6.0,5.0,1.0,,,,4.649452649856166
individual_contributor,ENTRY,MASTERS,94220.67661995607,3623.5544013474996,7762.864542783525,102477.16212219682,3.0,1.0,,5.0,0.0,3.0,,,,3.5166169147702897
manager,SENIOR,PROFESSIONAL,79446.42536025796,234.60549246248502,8446.184386385181,93542.71999633376,1.0,3.0,0.0,,,,,,,1.9048599713506578
hourly,INTERMEDIATE,ASSOCIATES,78183.72959015187,5247.12712025514,950.8036999379392,,,,,,,,9.511776361605902,14.180559645883042,14.963535370850114,7.065258036935084
manager,MID,ASSOCIATES,140010.22065957703,9312.02977120223,11632.994583318674,169710.0504094993,0.0,4.0,4.0,,,,,,,1.5561986033194521
manager,EXECUTIVE,PROFESSIONAL,99621.43955303053,1844.4485169796685,4173.979431549757,143053.08725531102,0.0,14.0,13.0,,,,,,,3.3188707619425086
manager,INTERMEDIATE,DOCTORAL,23019.388413518987,8563.187140649246,8909.075689941823,182582.28214431624,2.0,2.0,13.0,,,,,,,3.4478037829515618
hourly,MID,BACHELORS,114331.98565946192,3112.6192466907246,3928.64455352942,,,,,,,,14.708175732333792,15.866011380702293,24.725532126297068,5.304785917735485
individual_contributor,EXECUTIVE,HIGH_SCHOOL_DIPLOMA,139931.95678440403,544.8346675230796,0.0,113805.6883349678,5.0,1.0,,6.0,0.0,3.0,,,,5.380535678042115
benefits_eligible,MID,PROFESSIONAL,143033.89552662033,0.0,10899.769082631077,,,,,,,,8.472180759340969,15.173695586795965,,7.8582122499664715
benefits_eligible,ENTRY,ASSOCIATES,103608.8865239634,5437.577274358193,9709.49961134607,,,,,,,,38.94269113627239,12.858873113289516,,1.2310028107695363
individual_contributor,MID,HIGH_SCHOOL_DIPLOMA,130327.82834058625,2851.377428515812,8241.599831651023,73528.1592421974,4.0,4.0,,4.0,2.0,0.0,,,,3.8086975468042716
individual_contributor,SENIOR,HIGH_SCHOOL_DIPLOMA,136647.22955308127,852.103425901847,13004.052741056308,170452.59332959948,2.0,5.0,,6.0,2.0,5.0,,,,2.645317014951566
individual_contributor,EXECUTIVE,DOCTORAL,164304.4481233867,3674.095280529802,6027.438176615327,158841.93495891243,1.0,4.0,,5.0,2.0,4.0,,,,2.968675370383758
benefits_eligible,ENTRY,MASTERS,110624.63642426734,3132.158696074346,1153.4557683438034,,,,,,,,22.37260795298234,22.953775124861824,,3.8836377446661228
individual_contributor,INTERMEDIATE,HIGH_SCHOOL_DIPLOMA,156937.49715423188,6537.238509898078,0.0,158143.27229253837,2.0,7.0,,3.0,0.0,3.0,,,,1.5873745876604233
manager,MID,HIGH_SCHOOL_DIPLOMA,125595.39707548435,2422.49225707639,4839.22300828225,204102.11977156653,4.0,0.0,1.0,,,,,,,3.3118994502914854
manager,INTERMEDIATE,ASSOCIATES,130664.42359717184,5925.908995129937,1569.569710174881,133888.21649957568,0.0,13.0,10.0,,,,,,,3.2669129598483946
manager,SENIOR,SOME_COLLEGE,84112.59377860697,789.7556779978486,15787.032718986564,165617.14085822448,2.0,4.0,9.0,,,,,,,2.7967495140141994
individual_contributor,ENTRY,BACHELORS,117128.24688263654,2328.8038122151593,4550.320293961757,91622.8915189013,4.0,14.0,,3.0,0.0,4.0,,,,1.9241140606364364
manager,SENIOR,PROFESSIONAL,158094.5447830894,4801.606816312019,1198.5469009044054,181485.87553081132,3.0,8.0,4.0,,,,,,,2.9485371714662807
hourly,MID,HIGH_SCHOOL_DIPLOMA,64050.669926272974,0.0,4387.485372445321,,,,,,,,26.305169971320584,37.489678835906375,8.976238270490272,9.724164556600934
individual_contributor,SENIOR,HIGH_SCHOOL_DIPLOMA,146119.392634984,4463.588586679418,9660.516282806153,69579.18284814144,5.0,8.0,,7.0,1.0,1.0,,,,5.4948198741883045
individual_contributor,ENTRY,ASSOCIATES,186907.4300332888,5792.025981845702,3646.303248686666,150389.48960302118,4.0,7.0,,0.0,1.0,0.0,,,,2.207285051765641
benefits_eligible,MID,BACHELORS,163041.21061792533,2337.5500209353086,9545.23132462938,,,,,,,,7.767493171399559,31.94641734964401,,16.71443582378117
individual_contributor,MID,ASSOCIATES,148503.27796496727,5607.122372288217,5463.159846085466,161269.18286773466,4.0,6.0,,0.0,3.0,3.0,,,,3.196905870226802
benefits_eligible,ENTRY,DOCTORAL,90865.09755568983,7807.52450959405,10235.452129978457,,,,,,,,10.60698866839426,33.606222392346446,,11.56368332988546
individual_contributor,SENIOR,DOCTORAL,30720.193184719523,5092.638818974787,7404.641686823608,135106.9132208577,1.0,7.0,,3.0,2.0,3.0,,,,0.9621078327929949
hourly,ENTRY,BACHELORS,76087.12484552225,2349.9039099903944,1195.131583395223,,,,,,,,26.92485773299262,22.01197448167262,20.944471761408995,3.009021111870276
benefits_eligible,MID,HIGH_SCHOOL_DIPLOMA,73158.92131112523,4731.299101019378,0.0,,,,,,,,22.42998136416829,33.418659594045955,,6.724895754406871
individual_contributor,ENTRY,SOME_COLLEGE,1.0,0.0,10175.370139084525,117896.68559352848,3.0,0.0,,2.0,7.0,0.0,,,,1.294878206141487
hourly,INTERMEDIATE,PROFESSIONAL,98231.19997107855,0.0,1238.9857777076031,,,,,,,,9.180044314790344,16.920794772502852,17.832174310942392,8.244761731398418
benefits_eligible,EXECUTIVE,ASSOCIATES,140844.32606986997,973.8412356384001,4537.9077425853775,,,,,,,,24.194037750689898,19.438280775311238,,4.414024158666234
benefits_eligible,SENIOR,MASTERS,110191.86669918233,4671.011203270491,0.0,,,,,,,,39.173667305566156,31.975807291272183,,4.317475177633234
hourly,EXECUTIVE,PROFESSIONAL,85894.02341637778,2786.116218901108,4560.881323227386,,,,,,,,28.32645515570838,19.76020135279633,19.715418534182362,3.9541289239395696
manager,MID,SOME_COLLEGE,138038.7523489792,6276.431123550399,5835.304297569021,108790.95312853885,6.0,4.0,2.0,,,,,,,3.368034019117412
hourly,MID,DOCTORAL,176794.3594857728,3000.151579172534,5541.463752763106,,,,,,,,13.224923073152482,11.632628667812241,14.785086926229917,4.609904732955528
hourly,ENTRY,HIGH_SCHOOL_DIPLOMA,205024.64125876647,7569.777929140766,7516.3529676172775,,,,,,,,13.781737050607283,25.176375140263797,25.582375962651184,6.731713333513217
hourly,SENIOR,ASSOCIATES,113295.49878509488,4175.193841048207,16069.651286495464,,,,,,,,12.692129249312867,28.116786146139745,16.67581056959166,9.515053661595186
benefits_eligible,INTERMEDIATE,BACHELORS,108040.05097484465,5409.666869523916,9826.851169404123,,,,,,,,14.635393857578709,29.17922909194788,,8.766472053039665
benefits_eligible,MID,PROFESSIONAL,101130.87462282463,3866.4039090263586,7132.649479922388,,,,,,,,24.084724697784363,14.763268727050374,,3.693740831642168
manager,EXECUTIVE,BACHELORS,30693.076735947325,7785.158820326895,14490.424410578788,103056.30696548015,2.0,3.0,6.0,,,,,,,1.9664693694479187
benefits_eligible,SENIOR,ASSOCIATES,231858.5962932621,11154.233634766646,8748.722482318342,,,,,,,,5.0,19.107888012171003,,15.570242408223226
manager,EXECUTIVE,BACHELORS,156428.68430958755,7230.938301098242,2090.183364527171,97323.48784035438,3.0,13.0,0.0,,,,,,,3.8378250735833146
hourly,ENTRY,ASSOCIATES,77829.0541459288,6280.311070747954,9162.908060204134,,,,,,,,29.54740325243501,32.604450584147074,21.168350023091357,4.093793444836803
manager,SENIOR,HIGH_SCHOOL_DIPLOMA,87729.34709547723,0.0,17517.30947529313,108789.25163943823,2.0,12.0,12.0,,,,,,,3.376269206294633
manager,INTERMEDIATE,HIGH_SCHOOL_DIPLOMA,103624.98277972147,0.0,4181.263695793434,137591.37871093227,5.0,4.0,20.0,,,,,,,4.590578232911629
hourly,EXECUTIVE,ASSOCIATES,156317.9887987205,5746.914360291359,1566.4286758358485,,,,,,,,18.268611305241695,13.83965428447478,20.308984083899,4.071298996391847
manager,MID,MASTERS,138619.81179057946,0.0,6558.960940869367,132474.05305965964,2.0,5.0,18.0,,,,,,,3.640526912862971
individual_contributor,SENIOR,MASTERS,110816.2123100941,6023.404993256829,13181.292297338641,87983.64363573724,0.0,12.0,,1.0,2.0,0.0,,,,1.756941300189723
individual_contributor,MID,BACHELORS,83974.43575804887,5512.470794110037,8686.179563311638,163939.23738151958,6.0,2.0,,3.0,0.0,1.0,,,,3.47835411502314
hourly,EXECUTIVE,BACHELORS,140799.67491924178,0.0,15756.837319156495,,,,,,,,10.441349647200516,25.094745047201346,9.37156717849405,13.22803637898486
hourly,INTERMEDIATE,BACHELORS,151198.8311123837,3357.302171003478,3425.6277580923943,,,,,,,,38.18292384131557,39.06779335163223,16.853804748100508,5.121538663802689
benefits_eligible,MID,BACHELORS,61202.84533741677,0.0,2669.4108486789437,,,,,,,,18.832747096327772,11.89152023454315,,3.5681717097402186
benefits_eligible,INTERMEDIATE,PROFESSIONAL,97695.97655396184,3378.733247361828,10985.695731535983,,,,,,,,18.351846827900754,11.011318565635825,,3.512055756088472
benefits_eligible,EXECUTIVE,SOME_COLLEGE,130906.89433370518,3489.6435814120364,13368.30945446827,,,,,,,,19.478883718987333,24.76536681981821,,6.097817769686407
manager,INTERMEDIATE,MASTERS,90465.0584681268,3362.2844794878006,5748.4896618204475,92413.72494993333,4.0,13.0,8.0,,,,,,,3.004843199734292
individual_contributor,SENIOR,DOCTORAL,93586.24326877673,4282.596355403158,11288.387528189029,124063.96889174196,6.0,1.0,,2.0,3.0,0.0,,,,3.633574280369862
manager,INTERMEDIATE,BACHELORS,42236.0115096402,4746.924945608756,6451.259787918294,171779.26669201578,0.0,11.0,24.0,,,,,,,2.4970109394201745
hourly,MID,HIGH_SCHOOL_DIPLOMA,102653.06636353352,3408.015673149407,11068.483301529606,,,,,,,,19.301776149756638,34.490468170098175,17.48591223695167,7.657501536998069
benefits_eligible,ENTRY,SOME_COLLEGE,123613.03815196695,1639.2358976486835,14084.718155045446,,,,,,,,12.40118036570765,7.218280233485142,,2.289125480943534
hourly,INTERMEDIATE,DOCTORAL,123205.67733969276,6665.671936189658,15786.901728359191,,,,,,,,31.95773880625699,10.710049659830217,15.455852766110889,2.6338615961481673
manager,SENIOR,SOME_COLLEGE,106524.79684878555,6027.331877425059,6751.866588689761,165592.14023956395,4.0,10.0,8.0,,,,,,,2.7394386637385013
hourly,ENTRY,SOME_COLLEGE,114021.1190420885,2341.7959448805505,2134.4615428125026,,,,,,,,26.543510191733265,34.83810624536517,29.113412391029527,4.710460575514472
hourly,MID,HIGH_SCHOOL_DIPLOMA,100975.67895677137,5567.190492272347,12499.347421745912,,,,,,,,17.584588748486155,0.0,23.021496383279104,1.236400517719455
benefits_eligible,INTERMEDIATE,PROFESSIONAL,164387.0173663331,4337.313084183815,0.0,,,,,,,,8.397587353119613,10.034884652061551,,5.639901989321776
hourly,ENTRY,MASTERS,112176.35637483798,7497.862321719842,9382.990889187571,,,,,,,,9.573801527336029,21.55050239150377,21.14920790061514,8.436803479213413
benefits_eligible,INTERMEDIATE,DOCTORAL,110437.04016486864,599.3418046638826,11370.431711349796,,,,,,,,14.844575145325837,24.998024856165053,,7.658070059740447
benefits_eligible,ENTRY,MASTERS,64245.255029610045,2380.8328292843407,6625.05514581344,,,,,,,,21.567643142335093,19.978237563965514,,3.4389853509886565
individual_contributor,ENTRY,HIGH_SCHOOL_DIPLOMA,64898.15576535657,6148.468879321421,5295.857942893289,127294.87622955159,5.0,14.0,,3.0,1.0,3.0,,,,1.3514808084818004
benefits_eligible,SENIOR,BACHELORS,163080.55027372792,8462.220563699471,0.0,,,,,,,,11.393711068079078,30.670945267244605,,11.261816435666978
hourly,EXECUTIVE,SOME_COLLEGE,77654.70433517409,2774.527515506225,8624.576926944235,,,,,,,,35.046557964240336,19.470660556411804,18.645369777196372,3.0402531945783613
benefits_eligible,EXECUTIVE,DOCTORAL,85291.56291977363,5344.377410480223,7707.962851735752,,,,,,,,28.816860252651566,23.628623537201367,,4.514067573496155
manager,SENIOR,PROFESSIONAL,49570.190298494315,0.0,9844.472869237741,123324.90279830537,3.0,14.0,10.0,,,,,,,4.110884526944028
manager,ENTRY,DOCTORAL,84055.14424724478,2208.210159335147,9105.402772839241,154269.88152458152,6.0,14.0,22.0,,,,,,,3.4118215980068807
individual_contributor,EXECUTIVE,ASSOCIATES,71190.1405631887,1412.8103858557206,5179.573779164774,152962.04449348952,5.0,12.0,,1.0,1.0,2.0,,,,2.37726278869991
individual_contributor,SENIOR,DOCTORAL,101322.46693191171,3126.961068651191,6467.342175950159,105918.2832965513,5.0,7.0,,1.0,2.0,1.0,,,,3.0994062681757044
benefits_eligible,EXECUTIVE,PROFESSIONAL,43249.63227331315,4966.702264258907,4542.591136484361,,,,,,,,31.91315796036602,27.618450919294048,,4.289449346635517
benefits_eligible,EXECUTIVE,MASTERS,139858.93242701795,5670.125990972116,9084.545595970381,,,,,,,,31.047809877975194,37.11296516510993,,5.686312060784007
manager,INTERMEDIATE,DOCTORAL,156901.71653661726,4928.8932679314075,5877.495536298806,133907.489684863,4.0,14.0,19.0,,,,,,,5.040869921135236
benefits_eligible,MID,PROFESSIONAL,69491.36570007369,1845.559276961896,17341.576562502734,,,,,,,,21.23443367486263,26.30627296530006,,5.970432250627711
benefits_eligible,EXECUTIVE,DOCTORAL,53789.411146061044,3136.281448467281,2184.4880843227693,,,,,,,,20.472088418902633,28.78975729425839,,6.568621158290113
hourly,MID,ASSOCIATES,163858.9522736123,493.03613763009344,6528.294531494154,,,,,,,,38.375963518025124,38.38368221459261,6.728808396475509,8.155432164041077
individual_contributor,SENIOR,ASSOCIATES,196640.33524877502,5698.012528900788,6950.325519812233,124582.7720729236,5.0,3.0,,2.0,0.0,2.0,,,,4.407860930142576
individual_contributor,MID,MASTERS,154280.39391636522,3743.667840260445,16273.70350950096,172033.96404875713,2.0,5.0,,5.0,0.0,1.0,,,,2.862772674933573
benefits_eligible,ENTRY,MASTERS,44406.57093137417,3140.5443091294956,15241.2277890217,,,,,,,,26.6488559248361,21.07957559191393,,2.931840911419357
individual_contributor,ENTRY,SOME_COLLEGE,118558.69206254254,3608.0589020203,2170.284530647992,128955.72131384745,0.0,2.0,,7.0,0.0,0.0,,,,2.4033735719322755
benefits_eligible,EXECUTIVE,HIGH_SCHOOL_DIPLOMA,124865.83899523562,3353.9781639320054,900.3251601347056,,,,,,,,17.840954201555256,31.499315570542663,,7.881356739369804
individual_contributor,EXECUTIVE,HIGH_SCHOOL_DIPLOMA,79807.78211064287,5162.1624279801335,9627.49507931321,75629.11695740483,2.0,10.0,,2.0,2.0,4.0,,,,1.6131928486430929
individual_contributor,MID,SOME_COLLEGE,88743.06893456775,0.0,1380.1751884346322,81222.10025290071,4.0,15.0,,3.0,3.0,1.0,,,,3.284413222870411
benefits_eligible,MID,DOCTORAL,121455.5123877361,0.0,3028.0822948130863,,,,,,,,28.09716462852888,26.912224994756002,,5.0436713096363155
benefits_eligible,ENTRY,HIGH_SCHOOL_DIPLOMA,127283.39622443083,3025.4912565118047,3283.3954882641647,,,,,,,,8.704964785295932,16.08688648562243,,6.963218109046616
manager,INTERMEDIATE,MASTERS,190417.6060542551,4067.11597706709,0.0,128758.41703058127,3.0,12.0,2.0,,,,,,,3.5029972305597195
benefits_eligible,MID,MASTERS,71084.98325367819,7281.90092539724,8924.432334327179,,,,,,,,8.161661769697337,34.5743904596232,,17.191309075293244
hourly,SENIOR,HIGH_SCHOOL_DIPLOMA,121780.79520192285,5185.451395351594,1554.2230784901458,,,,,,,,13.226507106756873,0.26449522463408925,9.064040333849297,4.3757861297262775
benefits_eligible,MID,SOME_COLLEGE,170315.66902063965,1249.3992625919145,5413.106986518677,,,,,,,,24.173568207776515,32.21068662521925,,6.142008210039052
hourly,ENTRY,DOCTORAL,167073.0337046174,5510.748516036411,8426.522036062559,,,,,,,,17.295489792839586,8.23259204026021,17.65990435044019,1.6305606180131318
manager,MID,HIGH_SCHOOL_DIPLOMA,56330.19895413548,5728.148008288638,8711.179179975235,148961.95805976016,0.0,6.0,12.0,,,,,,,2.749162764420793
hourly,EXECUTIVE,HIGH_SCHOOL_DIPLOMA,125040.13901837837,1831.4193220403204,4441.333001591164,,,,,,,,15.00803222625218,27.48470813542218,16.077407431079234,8.216827973587543
individual_contributor,INTERMEDIATE,MASTERS,110362.38395539497,2320.518046344121,6531.202544383328,153550.8687312623,4.0,12.0,,0.0,2.0,3.0,,,,2.919878504418718
individual_contributor,EXECUTIVE,BACHELORS,134155.41721073922,1533.0336939211365,3297.7898456392336,132303.93105252006,3.0,7.0,,7.0,0.0,2.0,,,,4.28753280770164
hourly,EXECUTIVE,PROFESSIONAL,143074.37722195993,5991.140151296522,10166.170712319008,,,,,,,,18.25769846246426,11.856796190778587,32.26411873961554,3.924948542099191
benefits_eligible,INTERMEDIATE,PROFESSIONAL,113517.16000553456,2883.2842843977323,10603.055972246124,,,,,,,,21.703703263996932,10.710455892392455,,3.3170606476658477
individual_contributor,EXECUTIVE,PROFESSIONAL,108943.56038593283,8766.627841825797,8356.50200637255,149272.21429309697,2.0,9.0,,3.0,2.0,4.0,,,,1.1116107373329787
benefits_eligible,MID,DOCTORAL,122938.95713115984,8393.101744318752,5088.5098291134545,,,,,,,,6.2214770024091415,47.34288486415897,,29.761110702713076
benefits_eligible,EXECUTIVE,BACHELORS,30088.453523036573,3719.662185871354,4757.118611055805,,,,,,,,10.643936754331262,22.388982530583167,,9.04577480089028
manager,INTERMEDIATE,PROFESSIONAL,99453.54637555394,1650.807864470179,6092.517153832652,131594.5679107874,2.0,1.0,4.0,,,,,,,2.162324198482313
benefits_eligible,ENTRY,HIGH_SCHOOL_DIPLOMA,16120.980270985645,3803.1662186935127,12968.99700546455,,,,,,,,9.528413695949443,18.446773913436385,,7.018012718104641
benefits_eligible,EXECUTIVE,PROFESSIONAL,100213.16212470755,3373.061021886077,4339.554023378896,,,,,,,,29.185256910957897,19.834261173300707,,3.8194504146600647
manager,INTERMEDIATE,PROFESSIONAL,206380.8892168373,2406.978498812143,10736.23107439181,149074.89376153526,0.0,8.0,3.0,,,,,,,2.0084455097375757
benefits_eligible,MID,HIGH_SCHOOL_DIPLOMA,180539.5249855931,5309.327240089713,11537.53790017108,,,,,,,,21.037221227093802,33.870715969966305,,7.527862996626329
individual_contributor,EXECUTIVE,SOME_COLLEGE,147421.48458826361,7246.817143074015,10508.665857628706,124377.4601854901,2.0,6.0,,2.0,1.0,0.0,,,,1.7606735412517578
benefits_eligible,SENIOR,BACHELORS,37383.49918697978,6085.476320363481,7097.210083496983,,,,,,,,17.789290963513203,35.351892110652145,,8.808969447937967
individual_contributor,INTERMEDIATE,ASSOCIATES,69681.93332533407,1742.4046694313529,8028.065832205137,153888.95663884404,1.0,1.0,,6.0,1.0,1.0,,,,3.198984666335163
hourly,INTERMEDIATE,MASTERS,144400.46966637348,0.0,4972.371641130878,,,,,,,,30.55847494920363,26.620427891633348,19.633682012953013,4.717699747796769
individual_contributor,INTERMEDIATE,DOCTORAL,143039.00059351945,884.6369127396365,6646.303826248208,149118.06621395124,4.0,11.0,,4.0,0.0,6.0,,,,2.890669715628412
individual_contributor,SENIOR,SOME_COLLEGE,113779.9316042831,5873.763786694955,10796.865619737033,95073.27970977896,5.0,7.0,,4.0,1.0,3.0,,,,3.094633929453177
benefits_eligible,SENIOR,BACHELORS,98037.0739698957,3194.632617916776,1752.685858560184,,,,,,,,25.130936031248027,31.204002235447547,,6.024233719424874
manager,EXECUTIVE,SOME_COLLEGE,92929.54159734493,2742.591937378884,15454.7632645063,84819.25649035192,1.0,4.0,7.0,,,,,,,1.6730167503740132
manager,EXECUTIVE,PROFESSIONAL,136993.80617760535,1430.4170466988335,7642.236074196753,130839.39774985271,0.0,6.0,4.0,,,,,,,1.8729677682724164
individual_contributor,ENTRY,PROFESSIONAL,165186.0102687644,1359.849613580015,8437.913905815913,143132.6534692225,1.0,13.0,,1.0,2.0,2.0,,,,0.1686926081244731
hourly,SENIOR,MASTERS,131033.57873936027,5419.161752816577,7916.599795467542,,,,,,,,25.24664281441814,30.65654077373947,20.032216845064752,5.856626774426236
hourly,MID,ASSOCIATES,168816.6657929403,0.0,1555.3304857604126,,,,,,,,5.0,20.058356111519014,19.28972591232313,16.16890575770835
benefits_eligible,INTERMEDIATE,ASSOCIATES,113586.65506075021,2473.201212827881,9674.886543743172,,,,,,,,25.60742688392331,20.295924696437186,,4.621435182618617
benefits_eligible,EXECUTIVE,SOME_COLLEGE,82125.30778513537,882.0789590336813,5597.414280960988,,,,,,,,22.23928264601421,24.733825675507106,,5.268292990213065
benefits_eligible,MID,DOCTORAL,92100.43688215151,0.0,1446.996984112253,,,,,,,,22.599709120523265,2.4555040579204324,,1.6530952717847707
manager,MID,DOCTORAL,161939.7227255884,0.0,0.0,195069.7637814539,1.0,11.0,10.0,,,,,,,3.1905973646029504
individual_contributor,SENIOR,PROFESSIONAL,169242.6205856276,5515.440679909778,0.0,130707.7197844937,2.0,1.0,,0.0,2.0,4.0,,,,2.9032466611642866
benefits_eligible,SENIOR,HIGH_SCHOOL_DIPLOMA,138032.73433037143,8378.422361494439,11895.735132240221,,,,,,,,28.545031195792376,32.574900964162126,,5.915395176702403
hourly,MID,DOCTORAL,119905.65352758125,6892.981941736899,9474.983296210921,,,,,,,,17.264941848228894,15.20895519563198,21.10594890674261,4.62516478646348
manager,ENTRY,HIGH_SCHOOL_DIPLOMA,92244.8131580266,4275.3231910298355,8961.279240167138,104758.51430636752,1.0,6.0,19.0,,,,,,,1.8940391948956004
manager,INTERMEDIATE,DOCTORAL,91438.37088575462,4302.119914132957,14665.27965480135,173736.23819435755,1.0,13.0,21.0,,,,,,,3.0946395579696104
individual_contributor,INTERMEDIATE,DOCTORAL,172311.085887559,7510.414252000624,9682.1365819033,116182.06003420583,2.0,8.0,,0.0,1.0,3.0,,,,2.208895288593181
benefits_eligible,ENTRY,HIGH_SCHOOL_DIPLOMA,133070.83375570568,5185.193530163553,6416.99556763388,,,,,,,,12.612656431475543,4.017002397652838,,1.2923543754784421
individual_contributor,ENTRY,DOCTORAL,120624.4673945232,8066.454680542583,6262.528751377979,105832.4085063972,6.0,0.0,,5.0,2.0,1.0,,,,3.863855842472405
benefits_eligible,ENTRY,DOCTORAL,103901.29773128581,5123.692359601887,0.0,,,,,,,,20.528681085133126,29.85282076668052,,5.392519552472288
manager,MID,HIGH_SCHOOL_DIPLOMA,176939.28391351047,5460.583600944425,5926.991899562012,169098.90134903498,1.0,7.0,6.0,,,,,,,1.6198355709081025
benefits_eligible,EXECUTIVE,HIGH_SCHOOL_DIPLOMA,148426.729355165,4963.162319436439,8710.983581329448,,,,,,,,20.69971593211971,22.90468753158933,,5.32123723519036
benefits_eligible,SENIOR,DOCTORAL,163103.3571329978,5841.986235904447,3993.840455261337,,,,,,,,15.702975177709725,15.601254096852678,,5.242966795927211
individual_contributor,MID,MASTERS,76118.4697298169,6697.264464400726,10828.417129577338,90893.91664812868,2.0,14.0,,6.0,3.0,1.0,,,,2.7492710324279708
manager,EXECUTIVE,MASTERS,210901.3918367295,8180.390476420393,9509.80400119218,128119.81356616695,1.0,15.0,7.0,,,,,,,2.020991699732231
individual_contributor,EXECUTIVE,ASSOCIATES,46056.08204722291,3397.512125356984,6720.005561865658,158882.35985655326,2.0,9.0,,6.0,1.0,0.0,,,,2.024865145342458
hourly,ENTRY,MASTERS,140934.66003202228,413.7060327891595,7144.708556154946,,,,,,,,34.89381809696573,28.760711510129603,19.75112034156747,3.1257326106702674
manager,ENTRY,DOCTORAL,126452.18932016019,7544.433553632378,16588.920909303597,159061.63560634898,4.0,10.0,11.0,,,,,,,3.377599664091979
manager,SENIOR,PROFESSIONAL,107929.92046036288,4361.361040549076,10729.037741983188,166538.53842993674,2.0,14.0,7.0,,,,,,,1.2152114573664816
manager,EXECUTIVE,SOME_COLLEGE,218614.67615416314,3132.3344629708836,12076.77402389661,156430.76789529176,3.0,9.0,4.0,,,,,,,3.6394063853226992
hourly,EXECUTIVE,ASSOCIATES,142823.72906459004,5058.646427148546,0.0,,,,,,,,20.357145763098334,31.5739482476098,38.65307189317522,7.04644072593766
individual_contributor,INTERMEDIATE,PROFESSIONAL,174308.30065298403,9648.333119007804,13174.234933621789,135607.67878008826,5.0,1.0,,4.0,0.0,1.0,,,,4.024951157793921
hourly,EXECUTIVE,SOME_COLLEGE,55044.01187690708,7112.796412498386,6447.5476107926015,,,,,,,,40.81865357932051,15.524500002739977,21.042673355494294,2.9020081037530736
manager,EXECUTIVE,PROFESSIONAL,47346.50184468737,7312.992925410917,0.0,154994.1039369488,3.0,2.0,11.0,,,,,,,5.030649967291762
manager,INTERMEDIATE,DOCTORAL,105723.64239161472,4193.70558465612,10875.309983884095,115026.46098848782,6.0,0.0,12.0,,,,,,,5.503082692039938
benefits_eligible,ENTRY,SOME_COLLEGE,140291.2753594772,3436.438752815413,7303.230275418824,,,,,,,,16.18774371776609,28.60665360225606,,6.639562620870036
hourly,EXECUTIVE,HIGH_SCHOOL_DIPLOMA,76836.23755297548,8000.068134977934,1674.111244149276,,,,,,,,22.655734937818714,24.613656820694434,15.91087459774969,5.464988230916215
manager,MID,PROFESSIONAL,88137.83558156471,6819.16202340304,13325.882930343541,174469.38019024674,2.0,14.0,7.0,,,,,,,1.0007061513561215
individual_contributor,SENIOR,BACHELORS,72534.68356117021,2694.2068030965293,8919.593594515089,137798.2978254855,3.0,12.0,,4.0,2.0,0.0,,,,2.6749689544012893
manager,MID,MASTERS,158339.0409857054,5028.637188908044,6021.106314644207,163230.36973586382,2.0,1.0,7.0,,,,,,,2.3974449126183095
hourly,SENIOR,HIGH_SCHOOL_DIPLOMA,206281.41079115414,6131.292969478507,0.0,,,,,,,,25.237374485573064,12.179998880397942,18.14343138072471,3.0600974051173964
individual_contributor,SENIOR,ASSOCIATES,136625.26023022446,4592.376027623855,6112.052689447162,113494.50747269971,1.0,9.0,,4.0,0.0,1.0,,,,1.81224913661771
benefits_eligible,INTERMEDIATE,BACHELORS,75377.35009541,0.0,7085.765640275135,,,,,,,,45.62624094271868,18.088139898916655,,2.8587640593431605
benefits_eligible,SENIOR,ASSOCIATES,75730.47399076956,3046.2873362243135,12040.308056414631,,,,,,,,15.070401848669263,15.189572432333213,,5.190197738501989
hourly,ENTRY,SOME_COLLEGE,175084.2575643364,827.0990755901225,21410.796849853425,,,,,,,,28.89375305978469,5.226149828544521,16.11731093552569,1.074451011160656
manager,INTERMEDIATE,DOCTORAL,119732.32384474036,3427.55525418983,16154.685546071649,150303.85377077165,2.0,11.0,0.0,,,,,,,1.2010168104899768
benefits_eligible,INTERMEDIATE,PROFESSIONAL,144002.6172738013,7594.302895812387,9674.829313809574,,,,,,,,8.390358522863236,22.05118167999951,,11.105718719282883
hourly,INTERMEDIATE,MASTERS,96171.54253210379,3251.721732382519,17300.03312628242,,,,,,,,18.755720029434347,13.411506692521495,18.2518823369458,3.9806044811936214
individual_contributor,ENTRY,SOME_COLLEGE,121044.82780973357,3890.590753111537,6969.415053319578,147504.69350242373,2.0,13.0,,5.0,1.0,3.0,,,,1.0348636118400265
manager,EXECUTIVE,SOME_COLLEGE,113791.41151014864,2408.581927503291,11686.886725111975,167462.49587237707,4.0,7.0,8.0,,,,,,,2.920118598367434
manager,MID,ASSOCIATES,105675.45514820136,5149.465080905651,9213.39492526216,198815.25634224003,1.0,5.0,7.0,,,,,,,1.056724856741579
hourly,EXECUTIVE,DOCTORAL,135367.88614192966,1311.259517792717,6580.702086512254,,,,,,,,13.351265842791566,22.263223369714524,18.323454221995153,7.5116422791597355
manager,MID,MASTERS,70182.41803268573,10907.580926963026,768.3253838459759,148218.6762219326,5.0,4.0,16.0,,,,,,,4.565306629073913
individual_contributor,INTERMEDIATE,ASSOCIATES,52629.32417049067,0.0,10240.348850917746,89778.9636003245,1.0,8.0,,4.0,2.0,2.0,,,,1.1832102920944936
manager,SENIOR,BACHELORS,139110.45617784047,3136.044955406524,0.0,170527.587051519,1.0,7.0,6.0,,,,,,,1.5328256643216378
benefits_eligible,INTERMEDIATE,DOCTORAL,128165.5217124366,5001.578556369422,9365.976139308084,,,,,,,,14.486717177439235,9.69925560661445,,4.212595770003123
manager,SENIOR,SOME_COLLEGE,128387.51230047824,5003.809777375458,19905.180690800764,105432.17986889317,0.0,8.0,5.0,,,,,,,1.7803073278360064
individual_contributor,INTERMEDIATE,BACHELORS,121086.5935635113,6539.4717524839125,8480.531132078728,160384.79217340506,2.0,3.0,,0.0,1.0,1.0,,,,2.2763902442518886
individual_contributor,SENIOR,HIGH_SCHOOL_DIPLOMA,51093.682410373556,1497.5707434368542,9693.5860955666,153333.55992555665,6.0,6.0,,1.0,3.0,0.0,,,,2.5169807006902776
hourly,ENTRY,BACHELORS,135590.95235421168,2917.453947206175,11698.444079003548,,,,,,,,8.259859753428795,23.006924281311484,24.320870664820987,10.407814389728602
individual_contributor,MID,BACHELORS,124689.14697960466,4835.3975186566,3367.227122024827,138671.0482239746,1.0,9.0,,3.0,1.0,1.0,,,,1.365071313209023
benefits_eligible,EXECUTIVE,SOME_COLLEGE,56714.600063629674,6753.257664378558,8849.710250575112,,,,,,,,5.0,16.32843040152223,,13.347424159844017
individual_contributor,ENTRY,ASSOCIATES,33358.83244509417,0.0,13020.599937549912,168115.99472901772,3.0,4.0,,0.0,2.0,1.0,,,,0.8463478936330883
benefits_eligible,INTERMEDIATE,SOME_COLLEGE,127460.96259551992,2545.744774093414,0.0,,,,,,,,31.047230018400565,0.0,,1.6035227792896758
individual_contributor,MID,ASSOCIATES,195081.94672095892,466.16629814106136,11522.900178635664,142152.9628837411,0.0,7.0,,0.0,0.0,1.0,,,,2.2045320436256044
benefits_eligible,INTERMEDIATE,BACHELORS,124819.76613993467,6384.480580623251,12341.80307986202,,,,,,,,20.997378661974903,0.0,,1.5718564653393479
manager,EXECUTIVE,PROFESSIONAL,96623.20837951831,8488.46809148169,0.0,135471.79729395758,5.0,3.0,8.0,,,,,,,3.587020577073621
hourly,EXECUTIVE,SOME_COLLEGE,72261.49454203085,1088.6480216115242,17186.129512616244,,,,,,,,24.05193348556208,18.391183785996716,21.852532632308396,4.220164840538506
hourly,MID,ASSOCIATES,29943.794757190873,1843.4199841978043,15922.31143615179,,,,,,,,27.645070909865204,10.183951975619966,22.25167794419804,2.7444609060528635
hourly,MID,PROFESSIONAL,114944.17935795327,7092.1558196621,5031.497936109628,,,,,,,,15.910196311213982,26.477473516991854,28.85605050130811,7.543076138969901
hourly,INTERMEDIATE,MASTERS,52581.32253042499,8322.233942900017,10150.540066466121,,,,,,,,8.55690964036301,31.934539980403663,10.309420784676298,18.17889782527894
individual_contributor,INTERMEDIATE,PROFESSIONAL,135749.4032352309,2058.144725752557,0.0,148133.3021683983,3.0,0.0,,1.0,3.0,2.0,,,,4.017222927497036
individual_contributor,EXECUTIVE,BACHELORS,91891.93538576315,0.0,11223.05766539416,92501.02869168718,3.0,8.0,,9.0,4.0,1.0,,,,4.16421133895626
hourly,ENTRY,BACHELORS,147124.0612549423,7338.837915551419,16624.63167871966,,,,,,,,16.54945269644758,12.955613073134764,10.783753001376184,5.878099501876648
manager,SENIOR,HIGH_SCHOOL_DIPLOMA,160763.12421449536,7679.162630505921,3189.966310158544,136327.4933719628,2.0,10.0,0.0,,,,,,,1.5532672914910393
hourly,MID,BACHELORS,92859.58878982154,4536.317553145935,5048.752655995656,,,,,,,,29.185391461312676,12.546828455736307,12.426587815252589,6.569753303620768
hourly,EXECUTIVE,DOCTORAL,127134.5978715912,2044.0585735492148,4335.785366253391,,,,,,,,22.260849267377044,24.281780425467492,26.560642943855093,5.420222168051454
hourly,MID,DOCTORAL,138233.66591992328,7352.6281015847335,7104.103981613243,,,,,,,,22.730176881946694,33.37898622137519,9.457731580784822,9.724953939143024
individual_contributor,SENIOR,DOCTORAL,139894.56027609564,6324.77410169267,6938.3800920909125,104066.13873265931,3.0,15.0,,0.0,0.0,2.0,,,,3.3184166099534274
individual_contributor,SENIOR,MASTERS,169708.8348012166,1518.2793695369642,0.0,127336.54342366286,3.0,1.0,,5.0,1.0,2.0,,,,5.517943587976971
individual_contributor,ENTRY,ASSOCIATES,192601.38317037193,4369.961429418749,10500.950500458177,151656.0042569795,1.0,8.0,,6.0,0.0,1.0,,,,1.7869400795331074
manager,EXECUTIVE,MASTERS,134443.68530077845,3604.6134646955356,11525.603393841393,113599.66615927608,1.0,0.0,13.0,,,,,,,4.661047717088477
individual_contributor,SENIOR,ASSOCIATES,146155.76089248437,10320.033587969487,6150.46374825233,146621.9368015069,2.0,11.0,,0.0,2.0,1.0,,,,1.5281928140624363
manager,MID,BACHELORS,137403.510265283,9002.98245380458,4394.118291551604,130520.2611169761,4.0,14.0,14.0,,,,,,,4.809299281193596
benefits_eligible,ENTRY,HIGH_SCHOOL_DIPLOMA,138172.6923256833,0.0,5293.831534143107,,,,,,,,36.05475859610502,13.488929952995163,,1.3921965281531146
manager,INTERMEDIATE,HIGH_SCHOOL_DIPLOMA,70820.3736770987,4912.473173763279,17122.23818790228,133802.88210612736,3.0,4.0,6.0,,,,,,,2.5813392016678356
manager,SENIOR,ASSOCIATES,112519.28748704043,0.0,1514.902956726327,202360.90349264696,0.0,13.0,20.0,,,,,,,2.8946005470307137
benefits_eligible,INTERMEDIATE,SOME_COLLEGE,139993.19787271298,3772.5310816407764,4375.362720735227,,,,,,,,18.933410144041616,6.718722895680568,,2.7828430963119546
manager,MID,DOCTORAL,153379.7709587963,4557.920797241817,76.94227535322534,130882.67685111258,2.0,13.0,9.0,,,,,,,3.5472653188433143
manager,SENIOR,BACHELORS,141780.10602363973,5604.9200522448455,5989.923278319115,117337.3557340324,1.0,0.0,6.0,,,,,,,2.4918100146254014
hourly,INTERMEDIATE,MASTERS,69895.31787492959,0.0,12222.774757564175,,,,,,,,8.935339201594843,20.991481254491138,15.854055410142308,10.349656205604509
benefits_eligible,INTERMEDIATE,MASTERS,133193.14241968858,0.0,11639.649939371086,,,,,,,,18.734168335533322,15.012627208690507,,4.412632411960781
benefits_eligible,SENIOR,DOCTORAL,118563.19778682,4194.266113403593,1849.7031778976443,,,,,,,,5.0,27.588515713371315,,21.6236686567078
individual_contributor,EXECUTIVE,PROFESSIONAL,177145.09321014537,6185.401615877581,12940.667834122283,105704.06132691969,4.0,5.0,,2.0,1.0,2.0,,,,3.7952496509390534
hourly,MID,PROFESSIONAL,130101.558606774,2669.0205186396306,8112.8627781261675,,,,,,,,29.992044322439845,5.088904981878638,21.26885182308735,2.032770673624907
individual_contributor,SENIOR,ASSOCIATES,150367.11019020338,3339.6987273274785,6487.322748708246,101195.32743469343,3.0,8.0,,6.0,3.0,1.0,,,,4.665614064226518
benefits_eligible,INTERMEDIATE,PROFESSIONAL,171323.5971394135,7510.65526495781,12032.797189726369,,,,,,,,37.8345040376836,28.60788171035394,,4.281551758025018
benefits_eligible,SENIOR,DOCTORAL,154945.09452811207,5227.389806497064,11438.131704232776,,,,,,,,18.780011631927465,21.876788021733194,,5.595471160227114
individual_contributor,ENTRY,BACHELORS,49997.120711925294,6460.4038750975415,3501.8776013011397,170345.75133761176,4.0,15.0,,0.0,1.0,2.0,,,,0.7980232806204394
individual_contributor,MID,PROFESSIONAL,59368.07919825663,3451.6467621799434,3078.094907750426,108387.46285751072,0.0,10.0,,2.0,2.0,1.0,,,,1.2939739321877648
manager,INTERMEDIATE,DOCTORAL,45145.7961256235,625.133150361542,6803.153226760105,118960.1639410203,3.0,4.0,7.0,,,,,,,2.600944756399177
hourly,INTERMEDIATE,MASTERS,82925.91594135913,3086.960743313931,7829.212995526572,,,,,,,,17.041958687354768,9.747500992615223,20.68910353407373,3.666240832959249
hourly,ENTRY,BACHELORS,144683.75886240092,6472.039062985548,10099.23804237347,,,,,,,,19.861999365971528,21.93527401679253,24.872625599011265,4.196619293748106
hourly,INTERMEDIATE,MASTERS,95090.2528945424,1265.9366295709406,1953.0729162255484,,,,,,,,32.574608143975695,29.836083897715937,7.425980352199943,7.662750692187486
benefits_eligible,SENIOR,ASSOCIATES,179454.16598374408,7818.524671723595,12541.768717877,,,,,,,,21.291014196087954,28.995027108855567,,6.625239779216663
hourly,MID,MASTERS,29418.11410515703,3727.725630007518,5538.142844653046,,,,,,,,22.260561648570626,26.720643522797157,16.016351527715273,5.606643080293472
manager,INTERMEDIATE,MASTERS,155298.93036039118,10396.369654990775,2678.757573412512,164110.299192828,2.0,11.0,7.0,,,,,,,1.25178208339052
manager,EXECUTIVE,BACHELORS,166802.10040932044,5552.610749097896,6269.149875416213,96969.71966288847,3.0,14.0,3.0,,,,,,,3.76771360620142
benefits_eligible,INTERMEDIATE,PROFESSIONAL,111168.25364923992,2269.531588671546,7931.789512869489,,,,,,,,16.569267465702797,12.506597848246983,,4.021620295757498
hourly,SENIOR,BACHELORS,208272.73174955405,3142.535041459131,7310.52521438768,,,,,,,,13.622838131766603,47.853149206365785,14.388464656846972,14.320283619477825
benefits_eligible,EXECUTIVE,DOCTORAL,126248.73454611626,2588.7940367976,14410.557572434223,,,,,,,,28.08778288631781,7.889462696994196,,2.6343557595095803
individual_contributor,MID,MASTERS,97687.04895331609,1377.2034589393197,0.0,161748.40885421995,5.0,12.0,,3.0,0.0,1.0,,,,2.7706780871218313
hourly,EXECUTIVE,BACHELORS,66416.6380603007,2089.198399441708,0.0,,,,,,,,26.581303312073338,26.457832140659676,13.86556794658734,8.239304539717585
manager,INTERMEDIATE,BACHELORS,60464.795620453086,4967.73856969839,7558.623060447704,133460.63415388414,6.0,9.0,8.0,,,,,,,2.4759308351842604
manager,MID,PROFESSIONAL,134230.88650976514,7589.467446114873,3536.360614738036,169806.7482972741,5.0,2.0,2.0,,,,,,,3.853690055519155
benefits_eligible,MID,MASTERS,70537.63366515786,3673.4181422023985,5547.520268669775,,,,,,,,13.889838230451621,27.03067387735004,,8.654566998246523
manager,MID,DOCTORAL,60923.25025873605,5756.706418397749,16643.567452875304,164219.5043227084,1.0,10.0,17.0,,,,,,,2.6473156663146513
hourly,EXECUTIVE,MASTERS,141210.36630396207,8549.895400689416,8897.045447509112,,,,,,,,28.1874753412776,25.912906342417987,17.755031607429032,5.039155457536483
manager,SENIOR,HIGH_SCHOOL_DIPLOMA,104770.21704115628,3572.5051445586532,10851.60920734561,175942.83660611341,6.0,15.0,5.0,,,,,,,2.9018099449464185
individual_contributor,MID,SOME_COLLEGE,63433.42007551977,1042.9355388310314,210.54798993802706,89075.15499272679,0.0,9.0,,0.0,2.0,4.0,,,,1.2684075514736737
individual_contributor,EXECUTIVE,HIGH_SCHOOL_DIPLOMA,145670.17239921383,6024.440989576578,12270.486493242535,107150.16927439997,4.0,11.0,,1.0,1.0,0.0,,,,3.8133469742214285
benefits_eligible,ENTRY,PROFESSIONAL,147694.17925254905,5824.73855970039,7434.520038331335,,,,,,,,31.449701263711162,26.519880524891327,,3.065130705687043
manager,SENIOR,ASSOCIATES,203206.3589919262,358.57023074538483,2301.824751715987,168673.85790700576,5.0,9.0,11.0,,,,,,,5.127878960258238
benefits_eligible,MID,HIGH_SCHOOL_DIPLOMA,72325.30661633026,5574.6355691931785,5049.630379771453,,,,,,,,5.0,17.878311620041437,,14.816107520885433
manager,INTERMEDIATE,HIGH_SCHOOL_DIPLOMA,206897.9186168005,1518.5155727411138,0.0,164311.46839170347,1.0,13.0,13.0,,,,,,,3.9300710390723235
benefits_eligible,ENTRY,PROFESSIONAL,119548.49752248761,2266.8298227774403,2657.415461192082,,,,,,,,21.820076553294275,22.848051552051214,,3.9004993293715726
hourly,EXECUTIVE,HIGH_SCHOOL_DIPLOMA,158268.60318738516,0.0,2420.0234591045573,,,,,,,,24.804825002649736,14.803040096345265,20.95657425602999,3.550240486142538
manager,EXECUTIVE,DOCTORAL,132843.14211818363,8579.403328786131,10202.938520998163,205206.59026405914,4.0,7.0,12.0,,,,,,,4.516322126061662
hourly,MID,HIGH_SCHOOL_DIPLOMA,124112.79621258755,795.7770243530795,1187.841868512899,,,,,,,,27.202801581658893,9.816056977743752,19.20556174143249,2.8329502823278654
hourly,MID,SOME_COLLEGE,150109.45918710934,1067.3463157550068,0.0,,,,,,,,23.609661592560514,6.475563251716144,7.756030184619082,5.6770086422550605
individual_contributor,ENTRY,HIGH_SCHOOL_DIPLOMA,84066.85866819331,2675.147249329591,4984.193003058646,126277.02354655326,2.0,11.0,,2.0,0.0,3.0,,,,-0.2436467948354536
individual_contributor,EXECUTIVE,SOME_COLLEGE,81938.79452434092,5001.220744181309,4168.1713020128245,152488.76266124958,6.0,14.0,,0.0,4.0,4.0,,,,2.6313830582579913
manager,ENTRY,DOCTORAL,119885.38754205116,5989.597809287703,0.0,98230.53944849849,5.0,8.0,16.0,,,,,,,3.8891173269980976
individual_contributor,SENIOR,BACHELORS,152698.0019058602,1918.96216082288,13467.288341354797,123999.30343264161,1.0,3.0,,5.0,0.0,1.0,,,,3.9378701292376443
individual_contributor,SENIOR,DOCTORAL,113700.32344819172,6792.039409836582,5078.468561028483,105666.04624197638,1.0,5.0,,2.0,2.0,4.0,,,,1.7681737510028677
hourly,INTERMEDIATE,MASTERS,168804.6054448555,3480.353050533558,17391.11457697271,,,,,,,,22.80912411239492,23.829983081589347,25.088923592437403,5.286440025246119
manager,SENIOR,MASTERS,123329.7326736463,1939.9881484534703,10782.87413875664,146209.03780704088,0.0,3.0,11.0,,,,,,,3.9725841520679155
hourly,EXECUTIVE,BACHELORS,141234.0019092081,990.0518149489399,6671.343891240955,,,,,,,,8.207027092735826,21.799251189797797,24.28029407036466,11.005858053094487
individual_contributor,SENIOR,SOME_COLLEGE,147919.46243391224,7264.191993219209,0.0,105547.67371853167,2.0,12.0,,2.0,0.0,3.0,,,,1.947558205595917
hourly,INTERMEDIATE,HIGH_SCHOOL_DIPLOMA,121118.05568030305,0.0,6007.189761665797,,,,,,,,6.354678543988989,36.458174747031435,19.259597517292136,22.598707408230563
hourly,EXECUTIVE,DOCTORAL,98639.11657408951,2215.463655185115,6665.988744369096,,,,,,,,9.495807426533888,13.206733749374557,15.51083413485058,6.401672138778415
manager,SENIOR,ASSOCIATES,156808.5436948531,6099.245340393962,6393.315029181561,86438.52157901539,5.0,8.0,3.0,,,,,,,3.9282937209177082
manager,SENIOR,SOME_COLLEGE,128103.3828982541,5036.641137144116,4861.3052873833985,121076.40506772723,4.0,11.0,16.0,,,,,,,5.048155705264887
benefits_eligible,ENTRY,DOCTORAL,66286.51654391663,598.2062080344567,7661.417895320819,,,,,,,,21.15949454158608,25.750387655867392,,4.518761179964959
manager,EXECUTIVE,MASTERS,112619.50098937265,6239.980495289034,12976.036513182593,184238.62230838076,3.0,14.0,16.0,,,,,,,4.804677055282557
benefits_eligible,ENTRY,MASTERS,166634.68040487455,653.3232561298109,12253.984325859084,,,,,,,,5.0,22.84585981944722,,17.10631352225162
benefits_eligible,INTERMEDIATE,SOME_COLLEGE,146224.86706313747,441.5653861499254,9563.766833396483,,,,,,,,5.752535607519203,26.093506328476046,,18.38356660379267
hourly,MID,DOCTORAL,167605.80331120032,2105.297191724805,11425.272743378879,,,,,,,,23.269138334458177,23.23245784473724,18.809735932290344,4.768831553985051
benefits_eligible,ENTRY,MASTERS,107535.19773278828,6845.073649242311,16667.229854399135,,,,,,,,6.7194030280513815,7.968500899505424,,4.142051870223193
manager,INTERMEDIATE,DOCTORAL,106887.2139162838,7048.7521869258535,3404.203723643343,222472.29016482155,3.0,0.0,5.0,,,,,,,3.2335148803337876
hourly,EXECUTIVE,DOCTORAL,34809.32816434259,7057.914789128328,0.0,,,,,,,,21.534310663301458,11.330593931771103,26.751090346447132,3.586038091312061
manager,MID,SOME_COLLEGE,78300.57266102298,1839.949727503913,7520.650061073466,158076.95326110814,1.0,3.0,6.0,,,,,,,1.9480551086213531
manager,ENTRY,MASTERS,81515.02829204683,3639.7534889995195,9496.689620001733,200751.7248080174,2.0,6.0,12.0,,,,,,,1.3395316578892849
benefits_eligible,EXECUTIVE,ASSOCIATES,95070.39535509842,3275.191890580962,14457.020088791254,,,,,,,,20.258017297074538,9.679155857460986,,3.2041136811441646
hourly,SENIOR,MASTERS,75120.09306132192,3939.0644948576364,11277.95817708736,,,,,,,,13.010810502765299,34.96785990576989,16.948071016697952,11.05051634992841
manager,INTERMEDIATE,BACHELORS,158512.41825809047,6106.303726925717,9018.979691780649,78731.20016443719,1.0,2.0,1.0,,,,,,,3.619555182179535
manager,INTERMEDIATE,PROFESSIONAL,207547.56892180996,1.6508847170821355,8198.941425718147,163261.11355916967,3.0,7.0,11.0,,,,,,,5.191319285436535
benefits_eligible,EXECUTIVE,MASTERS,96618.57671175312,11518.480602136118,15062.610342408305,,,,,,,,24.87114680032417,25.28423293591053,,5.317674192412427
manager,EXECUTIVE,PROFESSIONAL,117653.84791439121,4764.4644492834705,2117.3483043411807,115326.63160083417,0.0,10.0,4.0,,,,,,,1.4809596241772418
individual_contributor,SENIOR,ASSOCIATES,165026.29433717366,2184.295320023123,10997.554052138214,98940.17671829855,1.0,0.0,,4.0,2.0,1.0,,,,3.343605757877894
hourly,MID,PROFESSIONAL,135245.0587439891,11619.945878883853,2117.6586024200906,,,,,,,,22.282354622142098,28.20080244336495,18.108765508145822,5.891065118872002
hourly,EXECUTIVE,HIGH_SCHOOL_DIPLOMA,117995.34907381395,9905.73173514458,4254.6620646579995,,,,,,,,24.043651096012773,9.936224764660878,12.638828833392225,5.562621665980029
benefits_eligible,MID,PROFESSIONAL,163019.93269287172,3198.2918130097733,553.5519614413643,,,,,,,,22.598556463663357,24.898720738623197,,5.489353056253576
manager,INTERMEDIATE,DOCTORAL,107183.47374307444,2056.0474832626355,1994.2485922052074,219964.0148642005,0.0,4.0,7.0,,,,,,,1.076934399777225
benefits_eligible,MID,DOCTORAL,152805.01658034712,10167.294127350815,12321.295252266733,,,,,,,,12.608390059153265,21.37097024344344,,7.764955284453222
individual_contributor,INTERMEDIATE,DOCTORAL,100481.54940998132,4212.130063789366,10705.715210096849,127907.9253479267,4.0,10.0,,1.0,2.0,2.0,,,,2.8110225379265827
manager,SENIOR,DOCTORAL,68663.1294155075,655.6441981021694,5580.217781846215,137349.88729034466,1.0,5.0,13.0,,,,,,,3.1481312104404484
hourly,EXECUTIVE,SOME_COLLEGE,70705.011403979,3598.094358578754,10479.757423740104,,,,,,,,17.63435987846551,20.454126560003253,20.08525733098972,5.52865259127841
manager,SENIOR,ASSOCIATES,164232.27522155744,10.392144775914403,4558.722563058436,144710.10421809182,0.0,4.0,12.0,,,,,,,3.6378215916391916
manager,EXECUTIVE,ASSOCIATES,122041.96641486796,5248.178683015509,4543.794457493133,137763.5587767457,4.0,2.0,7.0,,,,,,,3.865612935127806
benefits_eligible,MID,BACHELORS,93221.97456184102,6275.7791082878575,800.7461680071883,,,,,,,,23.172661398286607,35.09213867459406,,6.973543115321117
manager,INTERMEDIATE,PROFESSIONAL,45922.70034866585,1986.370482792174,9982.408715914895,199226.16369582163,2.0,12.0,10.0,,,,,,,2.559494583782399
hourly,MID,ASSOCIATES,130175.88232746393,406.4298600014522,4535.082619514596,,,,,,,,10.159934606477934,31.126627466896128,28.22806190089577,12.83686438967338
benefits_eligible,SENIOR,HIGH_SCHOOL_DIPLOMA,118946.23456941286,1674.4827513993528,2920.7509308344706,,,,,,,,27.85867261873282,23.38202495655658,,4.377349057823516
benefits_eligible,EXECUTIVE,ASSOCIATES,136515.7154930504,7729.0197074382395,5166.047403885779,,,,,,,,16.00727991533373,21.773007622271468,,6.294757900403614
benefits_eligible,SENIOR,HIGH_SCHOOL_DIPLOMA,86256.71118170624,1806.3323550937935,16694.969405950025,,,,,,,,15.661395234829413,5.4205911648782745,,2.4142885070480893
benefits_eligible,EXECUTIVE,MASTERS,47952.55884554707,7683.5456643127845,11032.903893675386,,,,,,,,23.500628031901343,14.34923428127849,,3.8602940712970533
hourly,SENIOR,DOCTORAL,114223.08828075224,7226.011818322134,10091.808900108404,,,,,,,,14.230465809518012,0.0,9.912503359811002,4.318002728417998
manager,INTERMEDIATE,DOCTORAL,133119.65768321604,258.7153272174869,0.0,135641.0011410325,2.0,12.0,7.0,,,,,,,1.6219293654394173
benefits_eligible,ENTRY,HIGH_SCHOOL_DIPLOMA,126392.01985959204,376.245438555226,9341.646192748049,,,,,,,,19.906140439565576,16.906394443134104,,3.0998838094965153
benefits_eligible,INTERMEDIATE,SOME_COLLEGE,116629.23068070236,763.5367966645726,11286.153294884898,,,,,,,,26.98059570967412,21.279899858687887,,4.353471844710834
hourly,SENIOR,PROFESSIONAL,40775.815700815976,5242.429632407944,12784.998818182206,,,,,,,,15.984733767234335,38.09325736202371,28.968484343097685,10.023025362067726
benefits_eligible,EXECUTIVE,DOCTORAL,106933.22363679598,65.7550276331558,9838.606644501018,,,,,,,,5.0,15.388000129641458,,12.68015983639865
manager,MID,ASSOCIATES,123302.91444937208,2513.4026175990352,8524.663260729492,182511.6060539565,3.0,12.0,6.0,,,,,,,2.9158817437485243
manager,SENIOR,BACHELORS,99095.61615915401,8865.765034743292,9000.93974387883,94939.54688345894,1.0,15.0,8.0,,,,,,,1.7624860821207686
individual_contributor,SENIOR,DOCTORAL,91072.12042151402,5001.965564997955,3889.9597881250015,166936.7205581671,4.0,4.0,,0.0,2.0,3.0,,,,2.43241245609625
hourly,EXECUTIVE,DOCTORAL,134909.2229800228,1112.8130980160308,8920.907218522894,,,,,,,,15.958722589147854,18.495176758881723,26.27755612911704,5.599760603723469
benefits_eligible,ENTRY,ASSOCIATES,98509.24481234068,8576.391706445578,17801.904662305547,,,,,,,,41.222117184655076,23.712694319044047,,2.112857288187097
benefits_eligible,ENTRY,SOME_COLLEGE,140255.24701686218,6044.813979520288,11733.36865257594,,,,,,,,16.225970256162302,27.23982820112355,,6.372965173524546
benefits_eligible,ENTRY,PROFESSIONAL,1.0,1208.3267918792367,15432.159583072917,,,,,,,,22.592491665292652,18.9839470094026,,3.118288997000014
benefits_eligible,MID,SOME_COLLEGE,104804.92126013643,6309.30304052369,0.0,,,,,,,,29.85475743004381,31.8568574237289,,5.349806638667768
benefits_eligible,ENTRY,DOCTORAL,188701.20931233064,5535.496569591443,14740.342805177483,,,,,,,,29.84235431981819,28.244099347307067,,3.540282370493236
hourly,ENTRY,SOME_COLLEGE,158367.496098062,3874.4318720325946,688.5076603931957,,,,,,,,26.59630642280867,29.954397064069525,16.287291042098143,4.302369667925975
manager,ENTRY,SOME_COLLEGE,123759.282676661,7189.129899999825,15853.363402170484,145884.82517294827,5.0,2.0,17.0,,,,,,,4.192204155171987
benefits_eligible,INTERMEDIATE,MASTERS,120657.0569225983,3102.510931213382,8565.08865805627,,,,,,,,21.919422193470723,23.66249547994503,,5.139470186750245
manager,INTERMEDIATE,ASSOCIATES,57283.613112703395,2400.7048713181402,0.0,157918.17192479956,4.0,3.0,12.0,,,,,,,4.817908154957646
benefits_eligible,SENIOR,HIGH_SCHOOL_DIPLOMA,106474.7300773878,5255.346081889031,11633.507646588552,,,,,,,,14.517958282951685,12.279630795309153,,4.577515300273464
benefits_eligible,INTERMEDIATE,MASTERS,85944.01164909704,3281.883652683509,0.0,,,,,,,,23.17409052243678,3.8447341158167028,,1.8408445830481017
individual_contributor,INTERMEDIATE,MASTERS,49704.18131514828,5735.618366726845,1685.6317211432497,121469.15184208023,0.0,1.0,,7.0,1.0,0.0,,,,2.9720738914352562
hourly,EXECUTIVE,DOCTORAL,161963.65108657395,4818.380051621483,4055.923163075481,,,,,,,,14.447801200791817,6.440673416503465,20.77373062186688,3.1502673096503395
benefits_eligible,ENTRY,ASSOCIATES,168260.20648457806,6501.812726707658,18341.309658975348,,,,,,,,25.12108406562526,21.092790785298074,,3.1407611708803707
manager,ENTRY,SOME_COLLEGE,176172.50675222796,4853.623446854781,2562.5333513309624,166160.95753062182,2.0,2.0,5.0,,,,,,,0.9235706997471742
manager,SENIOR,SOME_COLLEGE,160640.28939774638,9103.330327014419,2892.8958481169684,91045.84932985093,3.0,7.0,0.0,,,,,,,3.738183196964761
benefits_eligible,ENTRY,PROFESSIONAL,134036.29623462932,1889.6237818718973,8848.35974098986,,,,,,,,20.772275513251895,12.007599175097702,,2.479145906844541
manager,INTERMEDIATE,DOCTORAL,94584.95270866436,3615.7270516646126,3269.3355926166787,135663.10650386455,5.0,1.0,7.0,,,,,,,3.3652233265193954
hourly,SENIOR,BACHELORS,96338.9836415931,5343.003408457482,4971.582842569456,,,,,,,,23.433371331943537,31.179653962525407,16.16004953941892,6.398144806989504
benefits_eligible,EXECUTIVE,ASSOCIATES,155390.48365477822,3857.4884096259566,1115.3470713584475,,,,,,,,29.811811314224745,5.417786914040635,,2.174354291269109
individual_contributor,INTERMEDIATE,MASTERS,84230.25570543561,6680.605272382202,6839.111080919024,101673.17616242886,1.0,5.0,,2.0,2.0,0.0,,,,1.2791287599499712
hourly,INTERMEDIATE,ASSOCIATES,92660.7234311382,4571.99816909723,11242.761585128843,,,,,,,,22.584449368236783,0.0,23.907376280698735,1.0977577081938756
individual_contributor,SENIOR,HIGH_SCHOOL_DIPLOMA,106546.92870194462,5289.761446505414,2567.2508794961777,159383.49915924287,2.0,10.0,,0.0,3.0,0.0,,,,1.2807107049022468
hourly,SENIOR,SOME_COLLEGE,135699.97539204126,6101.404236635519,200.91938813165962,,,,,,,,5.0,11.940149067392976,13.809529431732104,13.164291594217095
benefits_eligible,ENTRY,PROFESSIONAL,151829.07490523503,2723.9578130048394,10885.833829656802,,,,,,,,14.146262096159194,24.58943534517254,,6.399180845505
individual_contributor,EXECUTIVE,PROFESSIONAL,171101.64156243694,2156.730185692903,5875.00698535917,122610.52001387309,5.0,4.0,,6.0,2.0,3.0,,,,4.804301725942623
benefits_eligible,EXECUTIVE,PROFESSIONAL,132663.6206947593,2839.480815209734,6010.572069644204,,,,,,,,7.209999931833687,27.28698802961683,,15.484209757160965
benefits_eligible,ENTRY,DOCTORAL,149025.99024268362,1764.9336101835352,5837.270041600094,,,,,,,,13.136234605742015,26.355665598590363,,7.341662936258154
benefits_eligible,SENIOR,SOME_COLLEGE,55824.33922021392,909.8364416802519,10978.462789834812,,,,,,,,5.0,7.190855461655767,,6.610782421098152
hourly,EXECUTIVE,ASSOCIATES,115477.61724413934,7786.90653357554,10982.894163795998,,,,,,,,13.434793237305575,26.27665983369687,14.536674963099877,8.818509855209422
manager,MID,SOME_COLLEGE,29402.016126406597,0.0,4375.799025091112,146979.48343987606,4.0,15.0,7.0,,,,,,,2.265528100210492
manager,ENTRY,DOCTORAL,98599.31803807504,4182.475586652049,13958.360678130754,179663.27081454112,6.0,9.0,19.0,,,,,,,3.068689325519761
manager,SENIOR,BACHELORS,147112.32282402966,4292.634064827129,3720.0933210290077,134410.7704228552,3.0,4.0,2.0,,,,,,,2.8595393464461907
manager,EXECUTIVE,MASTERS,32848.8636029161,5765.27230530178,7824.418204528452,126901.58040783166,6.0,2.0,9.0,,,,,,,5.125116346517252
manager,MID,BACHELORS,74055.52757094667,0.0,5474.520521783971,152871.78847946355,4.0,9.0,3.0,,,,,,,2.601762971611163
manager,EXECUTIVE,BACHELORS,158884.04827947446,2110.7103363000288,6367.269882471661,101263.56314849193,2.0,0.0,14.0,,,,,,,4.784237681198737
hourly,SENIOR,BACHELORS,119728.56669193055,3422.6255935794393,5120.546626759842,,,,,,,,13.13262099439616,11.271628301211345,36.868211186793836,4.695115713759817
manager,SENIOR,ASSOCIATES,115689.0930781947,8254.341425864091,1164.281372716655,183774.12337116894,3.0,9.0,10.0,,,,,,,4.665093057992556
benefits_eligible,ENTRY,SOME_COLLEGE,113886.37003874377,390.54826848702305,2562.1529011868142,,,,,,,,5.3911562591663245,15.963669180879553,,10.812344215096674
individual_contributor,EXECUTIVE,ASSOCIATES,96107.228927053,7294.544872237042,7732.926920401695,145784.9851019633,2.0,3.0,,6.0,0.0,4.0,,,,3.6236237568651055
benefits_eligible,EXECUTIVE,DOCTORAL,67852.9026520341,6274.525513044629,4825.460909907887,,,,,,,,5.0,11.410631770472483,,9.940364719461074
individual_contributor,MID,PROFESSIONAL,143678.43439851122,6262.863130979491,3464.260746426509,102461.02447358257,4.0,1.0,,3.0,3.0,2.0,,,,4.232181202551732
individual_contributor,EXECUTIVE,PROFESSIONAL,79514.94083077041,1256.3492181090319,1874.793494682459,103782.0331835205,2.0,10.0,,2.0,0.0,0.0,,,,1.1618262515660671
hourly,SENIOR,PROFESSIONAL,119204.03849705945,2370.539200432735,7146.110267996854,,,,,,,,20.714678687747863,24.398749888289036,18.095206044353358,5.732056166762315
hourly,INTERMEDIATE,SOME_COLLEGE,120722.73321860992,2891.5288105382688,20063.238200422275,,,,,,,,9.695922441660533,29.789427257286093,12.839604358114714,15.692533997094571
individual_contributor,ENTRY,BACHELORS,159432.32355378344,0.0,1149.927726121091,124409.49227172139,1.0,3.0,,1.0,0.0,4.0,,,,1.0959197284112732
manager,ENTRY,BACHELORS,141608.99469940457,2434.9752446002985,0.0,116306.1520540163,0.0,15.0,7.0,,,,,,,0.38504608037947124
hourly,MID,BACHELORS,110693.03981435746,4364.9181321092465,2941.9547150867174,,,,,,,,23.347129588506565,29.227850753473824,26.019462044582156,5.920152990433204
individual_contributor,SENIOR,PROFESSIONAL,159732.43671803852,5902.7207026051565,9833.813608391762,165998.65484713108,1.0,0.0,,3.0,1.0,2.0,,,,2.056128308178217
individual_contributor,MID,HIGH_SCHOOL_DIPLOMA,144452.0997188057,2052.8079560969045,13461.892076563632,125695.33969436918,1.0,13.0,,6.0,4.0,1.0,,,,3.001953779883742
benefits_eligible,INTERMEDIATE,MASTERS,91683.1949413114,6027.786416221016,8262.750351143462,,,,,,,,5.0,6.545950296459653,,6.155930863718343
individual_contributor,INTERMEDIATE,PROFESSIONAL,147280.26351393654,8268.849697940994,3234.461487195721,142498.1750634157,2.0,6.0,,10.0,3.0,0.0,,,,3.1889240819449434
manager,SENIOR,BACHELORS,121511.86397454808,3689.766827945474,6855.0476670268245,159103.17423227493,2.0,2.0,6.0,,,,,,,2.0247500762005357
benefits_eligible,EXECUTIVE,MASTERS,202652.98641314066,4256.160325163801,5763.331973535373,,,,,,,,31.08503315156377,22.90961109741753,,4.0343278064253925
individual_contributor,MID,HIGH_SCHOOL_DIPLOMA,196365.76401484484,5345.422083510784,2247.1134565248667,80369.27357204192,2.0,9.0,,11.0,2.0,6.0,,,,4.408172841086568
individual_contributor,EXECUTIVE,DOCTORAL,147774.37921669916,3482.606350940955,8039.857124918122,133074.12779570353,1.0,7.0,,0.0,3.0,2.0,,,,1.6646830566317632
benefits_eligible,MID,HIGH_SCHOOL_DIPLOMA,100265.41666879521,6724.284603829059,7854.820207679677,,,,,,,,25.30548289358059,32.15636146913529,,6.171490450087249
manager,EXECUTIVE,DOCTORAL,227188.33822534396,454.4913341380443,5413.819557396391,186652.0199239297,2.0,8.0,17.0,,,,,,,3.3717749112948012
benefits_eligible,SENIOR,DOCTORAL,55987.96063767433,2112.6293525686024,7148.2553460340305,,,,,,,,10.290307791901594,10.035400946817946,,5.016711581770388
manager,ENTRY,DOCTORAL,119707.57883658128,3839.1409995793815,3602.119734538977,112876.1126522306,1.0,15.0,6.0,,,,,,,0.42679707178741966
individual_contributor,INTERMEDIATE,DOCTORAL,108719.65354899256,1862.5128457406913,10847.366626572444,140481.65256531298,2.0,3.0,,2.0,2.0,0.0,,,,2.1406645264173596
manager,MID,SOME_COLLEGE,65372.84762112983,7408.69396421166,0.0,100638.36426580901,3.0,15.0,5.0,,,,,,,2.6133080925289836
benefits_eligible,SENIOR,ASSOCIATES,128764.00360744752,969.1002091470423,6557.848276136638,,,,,,,,5.0,15.097861996119601,,12.801942293177145
hourly,ENTRY,MASTERS,135772.9153419884,8407.049282776821,10204.202103071926,,,,,,,,5.0,5.98343270847025,30.617410480786322,4.420559256726473
benefits_eligible,INTERMEDIATE,MASTERS,129883.07260896797,1310.8659151264615,4857.119190572993,,,,,,,,6.779296712762553,8.739876386061091,,6.172312874265211
hourly,MID,HIGH_SCHOOL_DIPLOMA,57477.857008003724,985.3637884097434,10019.7905223707,,,,,,,,20.68051357609988,32.93335370754228,21.98825969092431,7.260290857784886
hourly,MID,HIGH_SCHOOL_DIPLOMA,135110.38864223775,0.0,11632.697077360726,,,,,,,,15.512247914678948,33.340336275631685,19.07482140310722,9.254938823913761
benefits_eligible,MID,ASSOCIATES,119991.13364312843,7778.1540327493585,14940.81525274494,,,,,,,,28.261887146323076,0.0,,1.3644310022813937
manager,EXECUTIVE,BACHELORS,100877.18861518096,5933.283276352844,9870.917321295397,205368.3439475203,4.0,14.0,3.0,,,,,,,2.8637267265548108
manager,MID,PROFESSIONAL,186758.08985293383,4711.94770596533,4793.537590778543,121602.01489320901,3.0,11.0,14.0,,,,,,,5.367703043363993
manager,INTERMEDIATE,SOME_COLLEGE,159139.5934001787,3922.1593697016624,7867.112405227219,109885.63481035031,1.0,11.0,2.0,,,,,,,1.9982207860578909
hourly,MID,DOCTORAL,98089.76868779263,3174.605453013639,3029.9011452754435,,,,,,,,35.646674219384046,18.87760217550553,17.511734926846316,3.6782907622533085
manager,ENTRY,BACHELORS,135663.21746386425,6564.837415837468,9568.825943615877,119286.03994583475,0.0,1.0,14.0,,,,,,,2.737998982833389
hourly,INTERMEDIATE,ASSOCIATES,106224.10318342612,0.0,0.0,,,,,,,,15.493629672927014,22.403919933121607,11.286574475354389,9.93594809970258
benefits_eligible,MID,BACHELORS,173944.87050198863,2110.5541931422686,0.0,,,,,,,,14.328419099504613,21.566148594235763,,7.017837317389826
hourly,INTERMEDIATE,BACHELORS,198402.84930090143,2618.397614675847,0.0,,,,,,,,23.99328257031626,1.9205636978537335,16.576118262002776,1.7069294488335875
benefits_eligible,SENIOR,ASSOCIATES,96240.80277035717,4442.735002626814,7766.037084409271,,,,,,,,9.173560509271377,23.245866728612796,,10.826001183255086
manager,ENTRY,MASTERS,132999.87129501437,429.949860786563,2806.1473782942394,161099.83741827897,3.0,2.0,13.0,,,,,,,4.070457316700903
individual_contributor,SENIOR,MASTERS,121634.37402105915,4686.193564557902,1777.9467756926679,138743.28660691046,0.0,10.0,,7.0,3.0,1.0,,,,2.5405680788610474
benefits_eligible,EXECUTIVE,MASTERS,70468.39604294981,4881.7848009797335,8361.07863532743,,,,,,,,15.52078238174532,23.653650543860945,,7.023201910576016
manager,EXECUTIVE,PROFESSIONAL,125219.71887616134,1098.3107217817787,0.0,141842.8258239262,3.0,13.0,13.0,,,,,,,4.562936131090376
manager,INTERMEDIATE,DOCTORAL,87397.41467388441,1617.3509566064981,8208.71850340797,111506.90892412898,1.0,11.0,7.0,,,,,,,1.2648330392650964
hourly,MID,DOCTORAL,172786.81150016078,3758.14312837248,2431.4101527187768,,,,,,,,13.836623696024795,33.263774198084654,8.401503219632497,13.593101009314015
manager,EXECUTIVE,DOCTORAL,152881.40411844986,5217.292142173958,2740.9783825241448,185125.86615812304,0.0,10.0,2.0,,,,,,,1.5091698447901798
hourly,SENIOR,BACHELORS,83064.78890218155,6550.541347902417,4034.443332584165,,,,,,,,12.25840044043437,25.729224984875216,23.47244202251642,9.421378379593046
individual_contributor,INTERMEDIATE,PROFESSIONAL,85014.46139399367,4769.486074226086,8441.439188160572,177724.6011556267,3.0,5.0,,0.0,0.0,2.0,,,,2.639743437989953
